Ativo;Tipo;Localidade;Polo;Regional;SS aberta;Parecer COEP;Observação;Check de concluídas;Defeito identificado;Quantidade;Descrição SS;Premissa 1;Premissa 2;Premissa 3;Premissa 4;Premissa 5;Premissa 6;Premissa 7;Premissa 8;Priorização;Criticidade;Observação após análise;;Legenda;
5800090147;58;TAIPAS DO TOCANTINS;DIANOPOLIS;SUL;CONCLUÍDA;Cancelada em operação;;Ok;;;;0;20;20;10;10;-;-;-;60;Média;Atendimento de Taipas;;;
5800291035;58;MONTE DO CARMO;PONTE ALTA TOCANTINS;CENTRO;CONCLUÍDA;Aguardando comissionamento;Concluído Melhoria de aterramento;Em andamento;Melhoria de aterramento;1;PARECER DMSL: Feito testes funcionais nas 3 células do banco as mesmas corresponderam aos testes. Será necessário fazer a correção da malha de terra, baixar o banco completo pois está muito alto dificultando as atividades da equipe, substituir as 3 chaves facas do lado Fonte e as 3 do lado Carga instalar suporte inclinado das chaves para facilitar as manobras. Colocar cinta no controle RUA abaixar o mesmo, pois está muito alto e fixado com um mosquetão oval, quando retornar para colocar em operação levar 3 baterias de 7a e rele rua.Obs.: Fizeram melhoria na malha de terra, mas não está dentro do aceitável! As outras pendências continuam, favor corrigir. Equipamento ficou em operação?: Não  - Equipe: Benvindo e Kaique- SS ANTIGA ETO-TELE 358/2026;0;20;20;10;0;-;-;-;50;Média;Aumento de reclamações no atendimento de Silvanópolis por Monte do Carmo no período seco;;;
5800291077;58;GOIATINS;ARAGUAINA;NORTE;CONCLUÍDA;Cancelada em operação;;Ok;;;;40;20;20;20;20;-;-;-;120;Muito Alta;Aumento de reclamações no atendimento de Goiatins e GAs relevantes na região;;;
5800366016;58;WANDERLANDIA;TOCANTINOPOLIS;NORTE;CONCLUÍDA;Cancelada em operação;;Ok;;;;0;20;20;20;10;-;-;-;70;Alta;Aumento de reclamações no atendimento de Wanderlândia no período seco;;;
5800371025;58;ARAPOEMA;COLINAS DO TOCANTINS;NORTE;ETO-TELE 01040/2026;Aguardando comissionamento;Concluído Reporte Kelliton;Em andamento;Controle;1;16/07/2026 PARECER COEP: ALINHADO COM O KELLITON REALIZAR SUBSTITUIÇÃO DO CONTROLE DE TUPIRAMA, ALINHADO COM O JEAN QUE OS CABOS COMPATIBILIZADORES VÃO CHEGAR 16/08 , ATÉ ESSA DATA MANTER ESSA SS E CONTROLE RUA, DEPOIS REPASSAR PARA O DMSLPARECER COEP: AVALIAR COM O LEANDRO, PROVAVELMENTE SÓ COMPRAPARECER DMSL: Após testes foi constatado defeito nos relés da fase A e B, Modelo Toshiba TBR 1000. Se possível, substituir os relés das 3 fases por controle RUA, disponibilizar os cabos de ligação entre o tanque e o controle para possibilitar a compatibilização do equipamento. Fornecer kit de comunicação, rádio, antena, etc.Segue nota para veriifcar falha em regulador de tensão N: 5800371025 dentro S/E Arapoema , equipamento esta com 2 reles com falha  marca toshiba .Parecer DCMD: foi substituido célula 30/07/2026. o mesmo está liberado para ser colocado em operação;0;20;20;10;20;-;-;-;70;Alta;Aumento de reclamações no atendimento de Arapoema no período seco;;;
5800438116;58;CHAPADA DA NATIVIDADE;DIANOPOLIS;SUL;CONCLUÍDA;Concluído DCMD e DMSL;Reporte Dener;Em andamento;Célula;2;;0;20;20;20;0;-;-;-;60;Média;Atendimento da região da Engegold, Nativa, cidade Natividade e Chapada da Natividade (Fonte alternativa);;;
5800440256;58;MATEIROS;PONTE ALTA TOCANTINS;CENTRO;ETO-COEP 00169/2026;Cancelada em operação;;Ok;;;PARECER DMSL 06/08: Substituir célula da Fase B do banco de Regulador de tensão e realizar melhorias na malha de aterramento do ReguladorBoa noite,Segue SS para as devidas tratativas, verificar flutuação de tensão do regulador 5800440256 pois a tensão está oscilando de 16kv a 23kv    favor verificar esta anomalia pois cliente BRK está abrindo reclamação todas as noites.;20;20;20;10;20;-;-;-;90;Muito Alta;Aumento de reclamações no atendimento de São Felix e Mateiros no período seco;;;
5800859011;58;TUPIRAMA;GUARAI;NORTE;CONCLUÍDA;Concluído DCMD;Equipamento alinhado com o Jean para colocar os cabos compatibilizadores , vamos só instalar o controle e o suporte;Em andamento;Controle;1;;40;20;20;10;20;-;-;-;110;Muito Alta;Atendimento de parte da RDU Guaraí por fonte alternativa;;;
5800961074;58;DIANOPOLIS;DIANOPOLIS;SUL;ETO-COEP 00221/2025;Equipamento em Logistica;Vamos retirar de uma obra de construção de uma linha antiga e usar na manutenção;Pendente;Células + melhoria de aterramento;3;PARECER COEP: EQUIPAMENTO SELECIONADO PARA COMPRASubstituir as 3 células- Melhoria na malha de aterramento - Melhoria no circuito de aterramento qua aterra as células.- Substituir conectores paralelos;20;0;0;20;0;-;-;-;40;Média;Atendimento da COELBA e GA Alessandro Maurício (1600 kVA);;;
5801866013;58;PARAISO DO TOCANTINS;PARAISO DO TOCANTINS;CENTRO;ETO-PROT 00151/2026;Em fase de ajustes;;Em andamento;Célula;1;15/07 PARECER COCM, FOI ATENDIDA PELA OS ETO-RD-PS 1616/2026 OBRA-021260053910/07 PARECER COEP: EQUIPAMENTO ENTREGUE AOS COCM´S FAVOR INFORMAR PRAZO DE SUBSTUIÇÃO PARA O DMSL E REPASSAR DEPOIS PARA PROTEÇÃO REALIZAR OS AJUSTES E DESCREVER NA SS O SERVIÇO REALIZADOPARECER COEP: EM PROCESSO DE ENTREGAPARECER DMSL: RT 5801866013Serviço Executado: Feito a medição da malha de terra. Identificado infiltração na caixa de passagem da célula da fase C do banco regulador de tensão, será necessário fazer a substituição da mesma! Ficar atento na hora da substituição, deverá ser substituída a célula do lado da BR.Obs.: Será necessário baixar todo o banco pelo menos um metro, as buchas estão muito próximas a parte energizada não oferecem segurança para equipe no momento do ensaio elétrico.Equipamento ficou em operação?: Não Possui nobreak: SimPossui antena: SimPossui rádio:SimPendência: SimData da bateria:  Equipe: Benvindo e Kaique._______________________________________________RT 5801866013BY PASSADO DEVIDO DEFEITO EM CELULA BEMVINDO ESTEVE NO LOCAL JUNTO AO COD .NECESSARIO TRATATIVA PARA MESMA .FASE DANIFICADO C;0;20;20;20;10;-;-;-;70;Alta;Atendimento da RDU Luzimangues Industrial por fonte alternativa;;;
5803327001;58;PORTO NACIONAL;PORTO NACIONAL;CENTRO;ETO-COEP 00149/2026;Em processo logístico;Aguardando o Marcelo Primo gerar a obra em abertura contabil;Em andamento;Controle e aterramento;1;01/07 PARECER COEP: FOI CONFIRMADO COM A OPERAÇÃO QUE O EQUIPAMENTO SEGUIU O FLUXO INTEIRO DE COMISSIONAMENTO, PROTEÇÃO, FAVOR EXPLICAR O QUE FOI REALIZADO E SE EQUIPAMENTO ESTÁ OPERANDO, SENÃO ESTIVER EXPLICAR O QUE FOI FEITO NELE30/06PARECER COEP: REPASSAR DIRETAMENTE PARA OS COCM'SRegulador 5803327001 fora de operação, by passado em campo com painel de comunicação com cabos desconectados tensão 13.8.parecer DMSL: Feedback Equip. EspeciaisRT 5803327001RELÉ RUASid: 4844Data: 19/09/2025Serviço realizado:*Equipamento foi remanejado, 7 km da sua localização sentido Palmas necessário comissionamento completo*Equipamento com um dos cabos umbilicais danificado.* aterramento bucha FC não esta interligada corretamente * para-raios estão no mesmo aterramento da bucha FC.* Tranques  muito alto e próximo da rede  não permitindo o comissionamento com segurança.* Controle alto  demais tem que baixar Equipamento ficou em operação?: nãoPendência: sim, precisa comissionar completoOBS;40;0;0;20;20;-;-;-;80;Alta;Em caso de perca da fonte principal é necessário esse RT para alimentação da Frísia;;;
5820790038;58;TAGUATINGA;DIANOPOLIS;SUL;CONCLUÍDA;Cancelada em operação;;;;;;;;;;;;;;0;;;;;
5827102054;58;PUGMIL;PARAISO DO TOCANTINS;CENTRO;ETO-PROT 00164/2026;Aguardando comissionamento;Concluído poço para melhoria de aterramento aberto;;Melhoria de aterramento;1;PARECER COCM: FOI SUBSTITUÍDO OS EQUIPAMENTO FEITO A MELHORIA DO ATERRAMENTO ATENDIDO PELA OBRA N-0212600609PARECER COEP:NÃO É POSSÍVEL RETORNAR COM O CONTROLE COMPLETO , MAS DARIA PARA FAZER A MELHORIA NA MALHA DE ATERRAMENTO , ENCAMINHANDO PARA OS COCM'S PARA REALIZAREM A MELHORIAparecer DMSL: :Nobreack com defeito, rele queimado, cabo de comunicação entre o rádio e o rele danificado, malha de aterramento está com a resistência alta!Feito reparo no cabo, substituído nobreack, e rele. Se possível retornar com controle completo pq o q está em campo teve infiltração de água, abrir chamado no scada para atualizar base do equipamento pois o mesmo está com a base antiga, fazer correção da malha de aterramento.Equipamento ficou em operação?: Não Pendência: sim, levar controle novo, fazer correção da malha de terra, levar suporte para fixar antena. OBS;0;20;20;10;0;-;-;-;50;Média;Aumento de reclamações no atendimento de Pugmil no período seco;;;
5836764032;58;ARAGUACU;ALVORADA;SUL;CONCLUÍDA;Cancelada em operação;;Ok;;;;40;20;20;10;20;-;-;-;110;Muito Alta;Aumento de reclamações no atendimento de Araguaçu no período seco;;;
5836786094;58;PEIXE;PEIXE;SUL;ETO-COEP 00095/2026;Em processo logístico;Previsão de entrega 16/08;Em andamento;Célula;1;24/07 PARECER COEP:EQUIPAMENTO EM LOGISTICA DE ENTREGA Favor levar outro regulador de tensão, pois o mesmo foi furtado em campo.;0;0;0;10;10;-;-;-;20;Baixa;Atendimento de clientes rurais na LD Peixe Angical - Peixe;;;
5839141113;58;;;;ETO-TELE 00985/2026;Primeiro ataque DMSL;;;;;Segue nota para averiguar ajuste regulador de tensão N: 5839141113 - RDU - Couto Magalhães , e verificar falha de comunicação   .Equipe operacional verificou que vários transformadores urbanos estão com nível de tensão baixa .Foi feito primeiro ataque regulador está comutando normalmente as 3 fases , porém não está no nível adequado !Em campo regulador estava no Tap R1 - 02 , R2 + 01 , R3 +03Medições feitas :Transformador 5700010113     - NA: 205 NB: 206 NC: 210Transformador 5700011113      - NA: 204 NB: 206 NC: 209Transformador 5700333113       -NA: 205 NB: 207 NC: 208OBS: solicitar equipe para realizar medição aterramento ,  e verificar ajuste junto ao time proteção .  verificar falha de comunicação no equipamento .;;;;;;;;;0;;;;;
5840227063;58;BANDEIRANTES DO TOCANTINS;COLINAS DO TOCANTINS;NORTE;ETO-COEP 00151/2026;Em processo de aquisição;;Pendente;Célula;1;PARECER COEP 27/07/2026 : EM PROCESSO DE AQUISIÇÃOPARECER DMSL 13/07/2026: Realizados ensaios de isolação nas três células, e foi identificado curto na fase A, sendo necessário a sua substituição. Os cabos das buchas ficaram desconectados para melhor identificação no momento da sua substituiçãSEGUE PARA O DMSL AVALIAR ANTES DE SEGUIRMOS COM O SERVIÇOSEGUE PARA REALIZAR TROCA---------------------------------------------------------Boa noite,Segue SS para tratativas regulador de tensão 5840227063 fase C em curto;0;20;20;10;10;-;-;-;60;Média;Atendimento da RDU Bandeirantes e clientes rurais;;;
5841308190;58;NOVO JARDIM;DIANOPOLIS;SUL;CONCLUÍDA;Desmobilizado;Tratativas do Allan;Desmobilizado;-;;;0;20;0;10;0;-;-;-;30;Baixa;Equipamento obsoleto com a entrada da SE Serras Gerais;;;
5844630060;58;NOVA OLINDA;COLINAS DO TOCANTINS;NORTE;ETO-TELE 01102/2026;Equipamento entregue aos COCM's;Previsão de entrega 20/07 // Foi entregue a eles verificar o porque eles baixaram;Em andamento;Célula;1;Segue nota para verificar falha em comandos via supervisório e constantes travamento no regulador de tensão 5844630060 - rural- Nova Olinda .Foi executado comandos no relé via supervisório, porém sem sucesso , em campo o equipamento está com a fase B travada no -16 .Obs: equipamento ficou fora de operação bay passado , favor agilizar atendimento !;20;0;0;10;0;-;-;-;30;Baixa;Atendimento dos ramais PA Remansão e Água Branca;;;
5846328094;58;PEIXE;PEIXE;SUL;ETO-TELE 00986/2026;Aguardando comissionamento;;Em andamento;Melhoria de aterramento;1;COCM SUL - 07/07/2026 - FOI REALIZADO MELHORIA DE ATERRAMENTO E FEITO A MANUTENÇÕES E TODAS AS CHAVES E SUBSTITUIDO OS CONECTORES.PARECER COEP: MELHORIA DE ATERRAMENTO É COCM'S, FAVOR ENCAMINHAR DIRETAMENTE PARA ELES, COCM'S REALIZAR MELHORIA DE ATERRAMENTO POR FAVORPor genteliiza verificar RT 5846328094 situação de equipamento, se encontra by passado em campoPARECER DMSL:Favor, realizar melhoria de aterramento que se encontra alta e substituir todos os conectores das buchas por conectores estrangulador.;0;20;20;10;10;-;-;-;60;Média;Atendimento da RDU Sucupira e clientes rurais;;;
5848305116;58;;;;CONCLUÍDA;Primeiro ataque DMSL;;;;;;;;;;;;;;0;;;;;
5850308009;58;GUARAI;GUARAI;NORTE;CONCLUÍDA;Cancelada em operação;;Ok;;;;0;20;20;0;10;-;-;-;50;Média;Atendimento de parte da RDU de Guaraí e ramal da PRF/Repetidora;;;
5851753086;58;MARIANOPOLIS;DIVINOPOLIS;CENTRO;CONCLUÍDA;Aguardando comissionamento;;Em andamento;Melhoria de aterramento;1;;0;20;20;10;10;-;-;-;60;Média;Atendimento da RDU Marianópolis e clientes rurais;;;
5853360007;58;MIRACEMA DO TOCANTINS;MIRACEMA DO TOCANTINS;CENTRO;ETO-RD-PS 00323/2025;Problema na autorização de passagem;Cliente não autorizou entrar na propriedade;;Melhoria de aterramento;1;REALIZAR TESTES NO EQUIPAMENTO E CONFERIR MEDIÇÕES DA MALHA DE ATERRAMENTO. ESTANDO OK, COMISSIONAR EQUIPAMENTO E COLOCA-LO EM OPERAÇÃO.AJUSTES DISPONIVEIS NO APP DA PROTEÇÃdmsl : N° do Equipamento:*RT 5853360007 MIRACEMASID: 2493/2025Data: 13/05/2025Serviço Executado Provavelmente ocorreu uma descarga no equipamento comprometendo a malha!Será necessário fazer melhoria da malha de aterramento, fazer toda interligação da mesma! Feito ensaios de isolação das 3 células do equipamento, isolação está ok, quando retornar para colocar em operação levar 3 baterias de 7a.Equipamento ficou em operação?: Não Equipe: Benvindo e Jardel;0;20;20;10;20;-;-;-;70;Alta;Aumento de reclamações no atendimento de Miracema no período seco;;;
5854566043;58;SILVANOPOLIS;PORTO NACIONAL;CENTRO;ETO-PROT 00158/2026;Concluído DCMD24/07;;Em andamento;Célula;1;24/07/2026 - PARECE COCM: EQUIPAMENTO SUBSTITUIDO NA OBRA 0312600352 OS: ETO-RD-PO 1873/202622/07/2026 PARECER COEP: EQUIPAMENTO ENTREGUE AOS COCM´SPRAZO DE 7 DIAS CONTANDO O SLA.PARECER COEP: EQUIPAMENTO ENTREGUE AOS COCM´S FAVOR SUSBSTTUIR , E AGUARDO O PRAZO DE PREVISÃO DE SUBSTIUIÇÃOboa noite,segue SS para as devidas tratativas com equipe de manutenção com apoio de equipe de linha viva substituir regulador de tensão 5854566043 queimado célula fase c, LD Porto / Silvanópolis mesmo deverá ser substituído com apoio de equipe de linha viva PARECER DMSL: Foi realizado inspeção visual e ensaios de isolação, relação de transformação e resistência de enrolamento. A fase B está danificada e será necessário substituir a mesma. Malha de aterramento está relativamente boa e conectada. Fase A e C passaram nos ensaios. Substituir fase B.;40;20;20;10;20;-;-;-;110;Muito Alta;Aumento de reclamações no atendimento de Silvanópolis por Porto Nacional no período seco (Outra fonte com defeito também);;;
5855411017;58;BARROLANDIA;MIRACEMA DO TOCANTINS;CENTRO;ETO-COEP 00156/2026;Em processo de aquisição;;Pendente;Controle;1;20/07 PARECER COCM: NÃO RECEBEMOS MATERIAL10/07 PARECER COEP: EQUIPAMENTO ENTREGUE AOS COCM´S FAVOR INFORMAR PRAZO DE SUBSTUIÇÃO PARA O DMSL E REPASSAR DEPOIS PARA PROTEÇÃO REALIZAR OS AJUSTES E DESCREVER NA SS O SERVIÇO REALIZADOPARECER COEP: EQUIPAMENTO EM ROTA DE ENTREGASEM COMUNICAÇÃO, FALHA DE ALIMENTAÇÃO - REALIZADO PRIMEIRO ATAQUE SEM SUCESSO.PARECER DMSL: 17/09/2025 Equipamento ficou em operação? Não Pendência: sim. Equipamento ficou Bay passado levar controle  COMPLETO para trocar. ellisfran;0;0;0;10;20;-;-;-;30;Baixa;Atendimento do Assentamento Irmã Adelaide;;;
5856070091;58;ALMAS;DIANOPOLIS;SUL;ETO-RD-DP 00479/2026;Equipamento entregue ao COCM;Previsão de substituição 07/08// Nova previsão de entrega 21/08 se a DB Machado for para o Sul;Em andamento;Células + controle;3;PARECER DMSL: não foi regularizado a instalação do equipamento, nota repassada conforme alinhado com o supervisor.____________________________________________COCMS 26.03.26. SS REPASSADA PARA COEP PROVIDENCIAR MATERIAL. NÃO TEMOS AS PÇ EM ESTOQUE PARA FAZER A SUBSTITUIÇÃO. Solicitação de serviço para reposição de equipamentos furtados .COEP: Equipamento fornecido ao COCM-S para regularização.COCMS: Equipamento substituido conforme solicitado. Gentileza comissionar.PARECER DA PROTEÇÃO:SEGUE NOTA REPASSADA PARA DMSL COMISSIONAR.ENG° IRLLEY CASTELO BRANCOPARECER DMSL(23/09/2025): Feito a parte de comunicação, fechando enlace, configuração do rádio GE. Feito a medição de aterramento. Após uma inspeção, foi identificado que o regulador de tensão está instalado errado, carga está para o lado de fonte e fonte está do lado de carga. O certo é a fonte vim de almas, atualmente está vindo de natividade. Favor fazer a instalação correta.;40;20;20;20;0;-;-;-;100;Muito Alta;Atendimento da região da Engegold, Nativa, cidade Natividade e Chapada da Natividade;;;
5856156091;58;ALMAS;DIANOPOLIS;SUL;ETO-COEP 00160/2026;Em processo de aquisição;Furtado 2 vezes;Pendente;Células + controle;3;27/07/2026 PARECER COEP: EQUIPAMENTO SELECIONADO PARA COMPRA, PORÉM PODEMOS DESATIVAR DE ACORDO COM A ASPODCMD 26.03.2026. SS REPASSADA PARA COEP PROVIDENCIAR MATERIAL. NÃO TEMOS O MATERIAL EM ESTOQUE PARA SUBSTITUIÇÃO. COEP: Equipamento fornecido ao COCM-S para regularização.PARECER COEP: EQUIPAMENTOS JÁ FORNECIDOS PARA OS COCM'S PARA REGULARIZAÇÃOPARECER DA PROTEÇÃO:EQUIPAMENTOS FURTADOS. PARA AQUISIÇÃO DAS CELULAS DE REPOSIÇÃO, FAVOR CONSULTAR OS DADOS DE PLACA EM ANEXO.PARECER DA PROTEÇÃO:COMISISONAR RT 5856156091 LD DIANOPOLIS A NATIVIDADE. NECESSARIO REALIZAR MEDIÇÕES DA RESISTENCIA DA MALHA DE ATERRAMENTO.AJUSTES DISPONIVEIS NO APP DA PROTEÇÃO.RELIGADOR N° 5856156091 INSTALADO NA OBRA 0502400526 GENTILEZA, REALIZAR O COMISSIONAMENTO. LAUDO EM ANEXO. COORD EO: 899501, 8714782;0;0;0;0;0;-;-;-;0;Baixa;Equipamento novo furtado antes de ser colocado em operação;;;
5858783119;58;SAO BENTO DO TOCANTINS;TOCANTINOPOLIS;NORTE;ETO-COEP 00164/2026;Aguardando parecer DMSL;;Pendente;;;PARECER DMSL 31/07/2026: RT 5858783119 SE ECONTRA NA MESMA SITUAÇÃO INFORMADA NO DIA 16/06/2026. FAVOR, REGULARIZAR A SITUAÇÃO DO EQUIPAMENTO, SUBSTITUINDO OS 3 TANQUES E  INSTALAR NOVOS PARA-RAIOS.27/07/2026 PARECER COEP: FIZEMOS UMA VISITA AO EQUIPAMENTO , EQUIPAMENTO SE ENCONTRA EM OPERAÇÃO E SEM SINAL DE AVARIA FAVOR AVALIAR PARECER DMSL A SS FOTOS COM O LUANDERSSON OU JOAO ANTONIO LAGARES 20/07 PARECER COEP: EQUIPAMENTO SELECIONADO PARA COMPRA , DEVIDO AO ERRO NA INSTALAÇÃO E O FURTOPARECER DMSL: 16/06/2025-SERVIÇO EXECUTADO: Ao chegar no equipamento para realizar comissionamento, foi constatato que as 3 células estavam com a tampa de inspeção abertas e sem os para-raios. Constatado também que foi furtado todo o óleo isolante das 3 células, sendo necessário a substituição das 3 células. FICOU EM OPERAÇÃO?: Não PENDÊNCIA: Substituir as 3 células;0;0;0;0;0;-;-;-;0;Baixa;Equipamento não inserido no SCADA;;;
5862236091;58;ALMAS;DIANOPOLIS;SUL;ETO-COEP 00158/2026;Em processo de aquisição;;Pendente;Célula;1;27/07 PARECER COEP: PEÇAS REDIRECIONADAS 5856070091 PRIORIDADE MAIOR20/07 PARECER COEP: EQUIPAMENTO ENTREGUE , FAVOR EDITAR A SS COM A DATA PREVISTA DE SUBSTITUIÇÃO NO PARECER DOS COCM´S Realizar substituição da FASE B.Célula da fase B estava com a tampa do contador de tape aberta, pegou chuva e molhou os contatos danificando a peça toda.;0;0;0;20;0;-;-;-;20;Baixa;Atendimento da LD Vale Rio Doce (Nova Aura Mineradora);;;
5865120195;58;CENTENARIO;GUARAI;NORTE;ETO-SE-PCM 00091/2026;Em fase de ajustes;;Em andamento;Melhoria de aterramento;1;PARECER DMSL:PENDÊNCIA: Realizar melhoria no aterramento por ser tratar de um terreno muito arenoso, e há pendências por parte do time da proteção, os ajustes do RT não estão disponíveis para inserção no referido equipamento.DATA DA MANUTENÇÃO: 12/03/202EQUIPE: Brunno e Edeglan.***********************PARECER DA PROTEÇÃO - 17/08/2026:FAVOR COMISSIONAR REGULADOR 5865120195 – LD Santa Maria Ramal Centenário e Recursolândia – 34,5kV. AJUSTE REALIZADO, DISPONÍVEL NO APP DA PROTEÇÃO.*********************** INSTALADO NA OBRA 0702400720 GENTILEZA, REALIZAR O COMISSIONAMENTO.LAUDO EM ANEXO.COORD EO: 889017, 901685708-07-2026 PARECER: FOI FEITO A MELHORIA NO REGULADOR CONFORME FOTOS EM ANEXO.;20;20;20;10;0;-;-;-;70;Alta;Atendimento das RDUs de Centenário, Recursolândia e clientes rurais;;;
7900001096;79;;;;CONCLUÍDA;Primeiro ataque DMSL;;;;;;;;;;;;;;0;;;;;
7900018004;79;ARAGUAINA;ARAGUAINA;NORTE;CONCLUÍDA;Concluído DCMD;Reporte do Wander;Ok;;;;15;10;5;15;0;10;0;0;55;Alta;Transferência de Aragominas, 3 fontes operando;;;
7900117013;79;PARAISO DO TOCANTINS;PARAISO DO TOCANTINS;CENTRO;ETO-PROT 00154/2026;Em fase de ajustes;;Em andamento;Controle;1;15/07 PARECER COCM: EQUIPAMENTO FOI SUBSTITUÍDO OBRA 021260042210/07 PARECER COEP: EQUIPAMENTO ENTREGUE AOS COCM´S FAVOR INFORMAR PRAZO DE SUBSTUIÇÃO PARA O DMSL E REPASSAR DEPOIS PARA PROTEÇÃO REALIZAR OS AJUSTES E DESCREVER NA SS O SERVIÇO REALIZADOPARECER COEP: PREVISÃO DE ENTREGA AOS COCM'S 01/07Segue nota para correção de anomalia e provável substituição de religador , religador 7900117013 -RDU - Paraiso .OBS: equipe DMSL Elisfran estava atualizando firmware no equipamento  , porém relé parou de funcionar devido essa atualização , sendo necessário sua substituição .em campo o modelo e   cooper Form6 , segundo tecnico deve ser substituído por um Noja .Repassado para o COEP para aquisição do equipamento e posterior repasse para o COCM.;15;20;15;15;15;0;0;15;95;Muito Alta;Transferência do 214R de Paraíso I, Centro Comercial de Paraíso;;;
7900230155;79;PALMEIRANTE;COLINAS DO TOCANTINS;NORTE;ETO-SE-PCM 00090/2026;Em fase de ajustes;Reporte Wandersson;Em andamento;Tanque e PR do trafo e chave;1;PARECER DA PROTEÇÃO - 17/08/2026:SEGUE NOTA PARA COMISSIONAMENTO JUNTO COM TIME SCADA, EQUIPAMENTO JA NO DESENHO ADMS.ENG° IRLLEY CASTELO BRANCO07/07/2026 PARECER COEP: MATERIAL ENVIADO , CONFORME ALINHANDO COM O WANDER REALIZAR SUBSTIUIÇÂO DO EQUIPAMENTO, FAVOR ESCREVER PARECER COCM ANTES DE PASSAR PARA PROTEÇÂO, DO QUE FOI REALIZADO01/07/2026 PARECER COEP: PROBLEMA NO ENVIO DO MATERIAL PARECER DMSL: Religador está com o tanque danificado. Não responde a comandos abertura e fechamento local ou remoto, pois está com sinal de curto circuito. Necessário trocar o equipamento. Para raio do trafo está queimado. Chave de saída da fase C está com o olhal quebrado, necessário substituir a chave. Equipamento ficou bypassado em campo. Aberto entrada e saída, com exceção da fase C de saída que ficou fechada. Favor, substituir equipamento completo por NOJA RC10 e sanar demais pendencias.Senhores Favor verificar RL 7900230155  o mesmo sinalizou aberto  no SCADA porem a cidade de Palmeirante estava normal , feito um reset no rl e o mesmo subiu fechado.08/07/2026 PARECER DCMD: EQUIPE ETO-LVGR01  DE GUARAI ESTEVE NO RL 7900230155 DIA 25-06-2026 E FEZ TODAS A PENDENCIAS DO RL, OBS: EQUIPE SO NAO CONECTOU O CABO DO TRAFO NO RL. RL ESTA PRONTO PARA O COMISSIONAMENTO;15;20;5;15;0;10;0;15;80;Muito Alta;Fonte principal de Palmeirante, RL de transferência operando;;;
7900259096;79;;;;CONCLUÍDA;Primeiro ataque DMSL;;;;;;;;;;;;;;0;;;;;
7900451096;79;;;;CONCLUÍDA;Primeiro ataque DMSL;;;;;;;;;;;;;;0;;;;;
7900453110;79;SANTA RITA DO TOCANTINS;PORTO NACIONAL;CENTRO;ETO-COEP 00087/2026;Em processo de aquisição;Equipamento entregue, redirecionaremos para o Caso 7933726256;Pendente;Tanque;1;10/07/2026 EQUIPAMENTO SELECIONADO PARA COMPRA PARTE ATIVA30/06.PARECER COEP: ALINHADO COM O ALLAN REMANEJAMOS PARTE ATIVA PARA ATENDER 7933726256PARECER COEP: Aproveitar controle cooper se possível em outro local, previsão de chegada do material dia 01/07 para substituiçãoFavor verificar o RL 7900453110, pois o mesmo aceita comando de fechamento, porém fecha em campo e no SCADA continua aberto e só abre através de equipe em campo.  Parecer Dmsl:Equipamento está com defeito na parte ativa, não aceita o comando de fechamento. Será necessário substituir o equipamento completo.Equipamento ficou em operação?: _SIM_a pedido do COS ficou em operação, a operação está ciente da necessidade de substituir.Pendência: Sim, será necessário substituir o equipamento.;15;10;5;15;15;10;0;15;85;Muito Alta;Transferência de Santa Rita, fonte principal operando;;;
7900505026;79;PONTE ALTA TOCANTINS;PONTE ALTA TOCANTINS;CENTRO;CONCLUÍDA;Cancelada em operação;;Ok;;;;5;5;5;0;0;0;10;0;25;Baixa;Atendimento do Ramal do Gato (288 UCs) e UFV Videira, no desarme a jusante penaliza a cidade de Pindorama;;;
7900525015;79;PEDRO AFONSO;GUARAI;NORTE;ETO-COEP 00125/2026;Em processo de aquisição;;Pendente;Tanque;1;PARECER COEP: É PARA REALIZAR A SUBSTITUIÇÃO DO RELIGADOR OU DAS BUCHAS, CASO SEJA BUCHAS , REPASSAR PARA OS COCM'S , CASO NÃO SEJA ESPECIFIQUE O MODELO , E A TENSÃO, FICO NO AGUARDO DO RETORNONota para manutenção substituir religador 7900525015 que está com as buchas de entrada danificadas fase A estourada e bc danificadas Local LD Pedro Afonso A Chaparral;5;5;0;0;15;10;0;0;35;Média;Tranferência do Ramal do Chaparral (251 UCs);;;
7900532053;79;PIRAQUE;TOCANTINOPOLIS;NORTE;CONCLUÍDA;REPASSAR O DMSL (EQUIPAMENTO OPERANDO NO SCADA);;;Completo;;;0;0;0;0;0;0;0;0;0;Baixa;Equipamento não identificado no SCADA e Mapa TS;;;
7900535058;79;SANTA FE DO ARAGUAIA;ARAGUAINA;NORTE;ETO-COEP 00173/2025;Em processo de aquisição;;Pendente;Controle;1;PARECER COEP: EQUIPAMENTO SELECIONADO PARA COMPRAPARECER DMSL:  Equipamento 7900535058 encontra-se com o relé danificado, firmware corrompido, o mesmo não inicia. Devido ao fato de não possuirmos mais peças de reposição para religador cooper, se faz necessário a  substituição de todo conjunto por um Noja RC10.envar equipe para verificar rlo 7900535058 foi feito primeiro ataque com equipe 040op36 o mesmo esta com RELE TRAVADO E FICOU FORA DE OPERAÇÃO, ATENDE RDR DE SANTA FÉ SAIDA DA CIDADEEQUIPE INFORMOU ABELHAS NA CAIXA DO PAINEL DE COMANDO;5;10;5;0;15;10;0;0;45;Média;Atendimento 3 povoados, na perca 4 ficam fora (900 UCs);;;
7900543083;79;APARECIDA DO RIO NEGRO;TAQUARALTO;CENTRO;;Cancelada em operação;;Ok;;;;15;20;5;15;0;0;10;15;80;Muito Alta;Atendimento da RDU de Aparecida do Rio Negro;;;
7900573047;79;FIGUEIROPOLIS;ALVORADA;SUL;ETO-PROT 00153/2026;Em fase de ajustes;;Em andamento;Tanque + controle;1;10/07 PARECER COEP: EQUIPAMENTO ENTREGUE AOS COCM´S FAVOR INFORMAR PRAZO DE SUBSTUIÇÃO PARA O DMSL E REPASSAR DEPOIS PARA PROTEÇÃO REALIZAR OS AJUSTES E DESCREVER NA SS O SERVIÇO REALIZADOPARECER COEP: AGUARDANDO COCM'S GERAREM AS OBRAS PARA PODER ENTREGAR MATERIALFavor providenciar manutenção no RL 7900573047, o mesmo estar em curto conforme fotos anexadas. Equipamento ficou bay passado em campo.PARECER DMSL: Equipe: FABIO AP./JOÃO MARCOSData Executada: 15/10/2025Serviço Executado:Foi constatado que o equipamento esta queimado na parte ativa placa, tanque e relé. Por favor fazer a substituição pelo Noja RC10.;5;5;15;0;15;10;0;15;65;Alta;Transferência da Bunge, Saneatins e secadora;;;
7900594026;79;PONTE ALTA TOCANTINS;PONTE ALTA TOCANTINS;CENTRO;ETO-SE-PA 00107/2026;Aguardando comissionamento;;Em andamento;Tanque + controle;1;PARECER DA PROTEÇÃO:16/07/2026 AJUSTES DISPONIBILIZADOS NO APP DA PROTEÇÃO15/07/2026 EQUIPAMENTO SUBSTITUIDO NA OS ETO-RD-PO 1860 OBRA 031260035414/07/2026 PARECER COCM/ COEP: DE ACORDO COM O EDSON CURCINO FOI FEITA S SUBSTITUIÇÃO DO EQUIPAMENTO , SEGUE PARA PROTEÇÃO ELABORAR AJUSTE10/07 PARECER COEP: EQUIPAMENTO DESLOCADO QUE ESTAVA EM GUARAÍ FOI ALINHADO COM O VALMOR QUE SERIA SUBSTITUIDO DIA 07/07/2026 , FAVOR PASSAR PARA PROTEÇÃO 7900594026PARECER COEP: AGUARDANDO COCM'S PARA ABRIR REQUISIÇÃOPARECER DMSL 10/06/2026: Tem uma nota aberta para esse equipamento solicitando a substituição desde 20/10/2025, como a nota não foi atendida estamos repassando para área responsável. Nota em aberto repassada ETO-COEP 210/2025.Segue nota para verificar intermitência de comunicação nos religadores 7908301026 , 7911120026, 7947959026 , 7908692026, 7900594026 rural- Ponte Alta .;15;20;15;15;15;0;0;15;95;Muito Alta;Religador responsável pela proteção da barra da SE Ponte Alta (2381 UCs);;;
7900648055;79;ARAGUACEMA;DIVINOPOLIS;CENTRO;CONCLUÍDA;Cancelada em operação;;Ok;;;;15;20;15;15;15;10;0;15;105;Muito Alta;Transferência da RDU de Araguacema (1506 UCs);;;
7900722193;79;;;;ETO-TELE 01029/2026;Primeiro ataque DMSL;;;;;Religador sem comunicação, apos primeiro ataque não retornou a comunicação.;;;;;;;;;0;;;;;
7900930040;79;ARAGOMINAS;ARAGUAINA;NORTE;CONCLUÍDA;Cancelada em operação;;Ok;;;;15;20;5;15;0;0;10;15;80;Muito Alta;Proteção da baixa do TF de força da SE Aragominas;;;
7901110084;79;DIVINOPOLIS;DIVINOPOLIS;CENTRO;ETO-COEP 00061/2026;Em processo de aquisição;;Pendente;Tanque;1;PARECER COEP: EQUIPAMENTO SELECIONADO PARA COMPRAPARECER DMSL: Serviço Executado: Foi feito análise técnica, testes funcionais e identificado que a parte ativa do equipamento está com defeito. Necessário substituir a parte ativa.FICOU EM OPERAÇÃO? Não- EQUIPE: Carliel e BenvindoSegue SS para verificaçao Rl esta danificado dando passagem de tensão mesmo aberto Sim, quando retornar trazer uma fonte pois a mesma foi removida.;5;5;0;0;0;0;10;0;20;Baixa;Localizado na fonte principal de atendimento de Divinópolis e Abreulândia;;;
7902098003;79;GURUPI;GURUPI;SUL;CONCLUÍDA;Primeiro ataque DMSL;;;;;;;;;;;;;;0;;;;;
7903112004;79;ARAGUAINA;ARAGUAINA;NORTE;ETO-COEP 00184/2025;Concluído DCMD;Verificar se já foi repassado;Em andamento;Tanque;1;20/07 PARECER COEP: EQUIPAMENTO SELECIONADO PARA COMPRAApós testes no RLG 7903112004 foi constatado defeito no mesmo e como se trata de um modelo COOPER FORM6 que está obsoleto e não possuímos peças sobressalentes, faz-se necessária substituição completa por modelo NOJA RC10.;15;10;5;15;0;10;0;0;55;Alta;Transferência de Babaçulândia, 4 RLs sendo 2 operando;;;
7903569004;79;ARAGUAINA;ARAGUAINA;NORTE;ETO-COEP 00152/2026;Cancelada em operação;;;;;PARECER COEP 28/07/2026 : EQUIPAMENTO SELECIONADO PARA COMPRAEquipamento baypassado PARECER DMSL em 12/03: Realizar substituição do equipamento todo e parte ativa.;15;20;5;15;15;10;0;15;95;Muito Alta;Transferência dos bairros JD Santa Helena, Jd Filadelfiae Setor Caraja em Araguaína (2053 UCs), AL 254R de AR I e AL 214R de AR III;;;
7908196047;79;FIGUEIROPOLIS;ALVORADA;SUL;ETO-COEP 00168/2026;Em processo de aquisição;;Pendente;Tanque + controle;1;03/08/2026 PARECER DMSL: FOI CONFIRMADO PELO VONES DO DCMD QUE O EQUIPAMENTO AINDA NÃO FOI SUBSTITUÍDO. FAVOR, APÓS SUBSTITUIÇÃO, REPASSAR A NOTA PARA A PROTEÇÃO PARA REVISAR OS AJUSTES, POIS TRATA-SE DE ALTERAÇÃO DO MODELO DO EQUIPAMENTO.13/07/2026 PARECER COEP: EQUIPAMENTO REMANEJADO FAVOR FAZER O COMISSIONAMENTORELIGADOR N° 7908196047 REMANEJADO NA OBRA 0402401150 GENTILEZA, REALIZAR O COMISSIONAMENTO. LAUDO EM ANEXO. COORD EO: 698485, 8657287PARECER DA PROTEÇÃO:AJUSTE DISPONIBILIZADO NO APP DA PROTEÇÃO, NOTA REPASSADA PARA DMSL COMISSIONAR, POLO GURUPI, RL APENAS REMANEJADO DA REDE VELHA PARA REDE NOVA, EQUIPAMENTO COOPER, SE MANTEVE O MESMO NÚMERO DE ATIVO.ENG° IRLLEY CASTELO BRANCO.PARECER DMSL: Constatado curto-circuito no tanque do religador, impedindo as operações de abertura e fechamento do equipamento. Solicita-se a substituição completa do religador, incluindo tanque e unidade de controle.;5;5;5;0;0;0;10;0;25;Baixa;Seccionamento do Rural e energização do 224R;;;
7908206074;79;DIANOPOLIS;DIANOPOLIS;SUL;CONCLUÍDA;Cancelada em operação;;Ok;;;;5;5;0;0;0;0;10;0;20;Baixa;Atendimento do PA Novo Plano (102 UCs);;;
7908249152;79;SANTA ROSA DO TOCANTINS;PORTO NACIONAL;CENTRO;ETO-COEP 00038/2026;Em processo de aquisição;;Pendente;Tanque + controle;1;14/07/2026 PARECER COEP: EQUIPAMENTO SELECIONADO PARA COMPRADMSL:Serviço Executado: Houve um curto no equipamento danificando a parte ativa, será necessário fazer a substituição do equipamento completo ( parte ativa e controle) colocar o um cabo pp novo do trafo até o Dj pois o mesmo está sem condições de uso. Obs:. Foi retirado rádio e rele Equipamento ficou em operação?: Não Pendência: Sim, substituir o equipamento completo.;5;5;0;0;15;10;0;0;35;Média;Atendimento de zona rural em Santa Rosa (160 UCs);;;
7908300096;79;PINDORAMA DO TOCANTINS;PONTE ALTA TOCANTINS;CENTRO;ETO-TELE 00938/2026;Primeiro ataque DMSL;;;;;Segue nota para verificar falha intermitência na comunicação RL 7908300096 RDU- Pindorama .;;;;;;;;;0;;;;;
7908302256;79;MATEIROS;PONTE ALTA TOCANTINS;CENTRO;CONCLUÍDA;Primeiro ataque DMSL;;;;;;5;10;5;15;15;10;0;15;75;Alta;Isolação de trecho e transferência das cidades de São Felix e Mateiros para gerador, além de atendimento de clientes rurais;;;
7908683122;79;;;;CONCLUÍDA;Primeiro ataque DMSL;;;;;;;;;;;;;;0;;;;;
7908686014;79;PIUM;PARAISO DO TOCANTINS;CENTRO;ETO-PROT 00159/2026;Concluído DCMD;Verificar se já foi repassado// Reporte Joelson;Em andamento;Tanque;1;24/07 PARECER COCM: EQUIPAMENTO FOI SUBSTITUIDO OBRA 021260042510/07 PARECER COEP: EQUIPAMENTO ENTREGUE AOS COCM´S FAVOR INFORMAR PRAZO DE SUBSTUIÇÃO PARA O DMSL E REPASSAR DEPOIS PARA PROTEÇÃO REALIZAR OS AJUSTES E DESCREVER NA SS O SERVIÇO REALIZADO06/07 PARECER COEP: PREVISÃO DE ENTREGA DE ACORDO COM CALENDÁRIO LOGISITCO NOVO 06/07NOTA DMSL: Favor substituir o tanque, ele não está efetuando os comandos enviados. Não substituir o controle pois o mesmo funciona como repetidor de outros equipamentos.Segue nota para verificar falha de fechamento religador 7908686014- Pium .OBS: equipamento não fechou local e remoto , fica sinalizando no painel para verificar alarmes !;15;20;0;15;15;10;0;15;90;Muito Alta;Fonte principal de Pium, RL de transferência operando;;;
7908705049;79;AURORA DO TOCANTINS;DIANOPOLIS;SUL;ETO-RD-DP 00409/2026;Equipamento entregue ao COCM;Previsão de substituição 07/08 // 22/08 Se a DB Machado for pro Sul;Em andamento;Tanque + controle;1;EQUIPAMENTO ENTREGUE, SOLICITO PREVISÃO PARA SUBSTITUIÇÃO:PARECER COEP: PREVISÃO DE ENTREGA AOS COCM'S 01/07Manutenção no RL 7908705049PARECER DMSL(28/08/2025): Equipe foi fazer manutenção no RL e constatou que o tanque e o relé do mesmo se encontra queimado, providenciar substituição.PARECER COCMS 30/04/2026CRIADO OBRA 0512600135 PARA REQUISIÇÃO MATERIAL;15;20;5;15;15;0;10;15;95;Muito Alta;Proteção da baixa do TF de força da SE Aurora;;;
7908708116;79;CHAPADA DA NATIVIDADE;DIANOPOLIS;SUL;ETO-PROT 00165/2026;Equipamento Fora de operação;Cancelada errada pelo DMSL;Pendente;Tanque + controle;;COCMS: 12/08/2026PART ATIVA DO RELIGADOR FOI SUBSTITUIDA.GENTILEZA COMISSIONAR EQUIPAMENTO. SUBSTITUIR PARTE ATIVA DO RELIGADOR 7908708116. LV. ABRIR JUNTE DE ENTRADA E SAIDA DO RELIGADOR PARA POSSIBILITAR SUBSTITUIÇÃO DO MESMO.;5;5;0;0;0;0;10;0;20;Baixa;Atendimento do PA Xobo (194 UCs);;;
7908716091;79;;;;CONCLUÍDA;Primeiro ataque DMSL;;;;;;;;;;;;;;0;;;;;
7910027196;79;LAGOA DO TOCANTINS;TAQUARALTO;CENTRO;ETO-COEP 00154/2026;Em processo de aquisição;;Pendente;Tanque + controle;1;13/07/2026 PARECER COEP: NÃO FAZ SENTIDO FAZER A TROCA DE EQUIPAMENTO COMPLETO APENAS POR CAUSA DA FASE B , QUE PARECE SER UM ERRO DE CALIBRAÇÃO.PARECER DMSL: EQUIPAMENTO FICOU EM OPERACAO, RESTABELCIDO PELA KAROL ação remota com a velp porém ele também deve ser realizado substituição por conta da fase B 7910027196 ta com a leitura incorreta na tensão da fase B. Subsituição do Equipamento Completo exceto o Radio. (Antiga nota era pra ter sido repassada porém foi baixada indevidamente pela equipe)PARECER DMSL(22/07/26): O religador está fora de operação desde 11/2025. Necessitando substituição completa em função do defeito de leitura de corrente da fase B. Preservar apenas o radio e antena.;5;5;0;0;0;0;10;0;20;Baixa;Atendimento do Ramal do Rio Preto (197 UCs);;;
7911120026;79;PONTE ALTA TOCANTINS;PONTE ALTA TOCANTINS;CENTRO;CONCLUÍDA;Melhoria de aterramento concluída;Melhoria de aterramento;;;;;;;;;;;;;0;;;;;
7913662076;79;DUERE;GURUPI;SUL;ETO-COEP 00114/2026;Em processo de aquisição;1 controle NOJA sobrando;Pendente;Tanque;1;27/07 PARECER COEP: TANQUE DANIFICADO DA 13,5Aberto nota para substituir tanque danificado e chave de entrada fase B danificadaPARECER DMSL: Foi confirmado pela equipe DMSL o defeito do tanque, favor seguir com a substituição e correção da chave de entrada fase B danificada.;5;5;0;0;0;10;0;0;20;Baixa;Atendimento do Ramal do Bacuri (168 UCs);;;
7919270014;79;PIUM;PARAISO DO TOCANTINS;CENTRO;ETO-COEP 00159/2026;Em processo de aquisição;;Pendente;;;27/07/2026 PARECER COEP: EM PROCESSO DE AQUISIÇÃO , COMPLETOPARECER COEP: AGUARDANDO RETORNO DO DMSL, EQUIPAMENTO FOI INSTALADO NOVO NA OBRA 0212501060, ENTENDER O PORQUE NÃO FOI REALIZADO COMISSIONAMENTOPARECER DMSL: Substituir Equipamento completo problema na placa de alimentação e na parte ativa, falta colocar placa de identificação correta na topologia, baixar o controle.Equipamento ficou em operação?: naoPendência: simBateria(s) substituída(s)? NÃOEquipe: Kaique/ Benvindo13/07/2026 PARECER COEP: SUBSTITUIÇÃO REALZIADA , FAVOR COMISSIONARPARECER DMSL (22/07/26): Solicito que o laudo de substituição seja anexado, e a SS seja repassada para proteção atribuir a ordem de ajuste, antes de repassar para ETO-TELE.----------------------------------------------PARECER DA PROTEÇÃO: Prosseguir com o comissionamento. Ajustes de religador permanecem os mesmos, disponíveis no APP da Proteção.********************************RELIGADOR N°7919270014 REMANEJADO NA OBRA 0212501060 GENTILEZA, REALIZAR O COMISSIONAMENTO. LAUDO EM ANEXO. COORD EO: 617422, 8830787;5;5;0;0;0;10;0;0;20;Baixa;Atendimento de Clientes rurais (48 UCs);;;
7920024127;79;PALMEIRAS DO TOCANTINS;TOCANTINOPOLIS;NORTE;ETO-COEP 00120/2025;Em processo de aquisição;;Pendente;Tanque + controle e chave;1;30/06 PARECER COEP: AGUARDANDO O RETORNO DO DMSL , PARA ENTENDER SE O PROBLEMA É NA COMUNICAÇÃO OU PARTE ATIVA, JÁ QUE O EQUIPAMENTO EM QUESTÃO SEGUE COMUNICANDOPARECER DMSL: Após testes, equipe DMSL constatou que o relé e a parte ativa do equipamento 7920024127 estão com defeito, sendo necessária a substituição completa por um modelo NOJA RC 10. Favor, subsituir também a chave de saída da fase A que está com o anel de abertura quebrado.RL 7920024127 está desarmando em campo e no SCADA continua fechado, só sinaliza aberto no SCADA quando a equipe faz o resert no equipamento em campo.;15;10;5;15;0;10;0;0;55;Alta;Transferência de Palmeiras, 3 fontes operando;;;
7921040031;79;RIO DOS BOIS;MIRACEMA DO TOCANTINS;CENTRO;CONCLUÍDA;Cancelada em operação;;Ok;;;;15;20;5;15;15;10;0;15;95;Muito Alta;Fonte principal de Rio dos Bois, RL de transferência operando;;;
7921202014;79;PIUM;PARAISO DO TOCANTINS;CENTRO;ETO-COEP 00132/2026;Em processo de aquisição;;Pendente;Tanque;1;PARECER COEP: EQUIPAMENTO SELECIONADO PARA COMPRA , DEVERIA SER SUBSTITUIDO PARTE ATIVAPARECER DMSL: Serviço Executado: _ indentificado o problema na parte ativa será  necessário fazer a substituição da mesmo, feito a medição do aterramento. Preciso substituir para raio da fase c.Equipamento ficou em operação?: _NAOPendência: _SimBateria(s) substituída(s)? _NãoData Fabricação/Instalação da(s) bateria(s):_Equipe: _Benvindo e kaique----------------------------------------------------------------------------------RL com defeito no rele, fica só reiniciando ficou By passado OS atendimento primeiro ataque 106530226;5;5;5;0;0;10;0;0;25;Baixa;Atendimento de Clientes rurais (483 UCs);;;
7922995039;79;ARAGUATINS;AUGUSTINOPOLIS;NORTE;CONCLUÍDA;Cancelada em operação;;Em operação;;;;5;5;0;0;15;10;0;0;35;Média;Atendimento do PA Esperança Viva (396 UCs);;;
7923110021;79;;;;ETO-TELE 01027/2026;Primeiro ataque DMSL;;;;;Segue SS para verificar falha de comunicação no religador 7923110021. Equipe foi no local realizar primeiro ataque e informou que o radio de comunicação encontra-se com defeito;;;;;;;;;0;;;;;
7923673004;79;ARAGUAINA;ARAGUAINA;NORTE;ETO-COEP 00124/2026;Em processo de aquisição;Estava aguardando análise DMSL;Pendente;Tanque + controle;1;PARECER COEP: Verificar Disponibilidade de equipamento no Scada e enviar modelo e tensão para a compra.RELIGADOR COM RELÉ DANIFICADO, REALIZAR SUBSTITUIÇÃO;15;20;15;15;15;10;0;15;105;Muito Alta;Transferência de cargas na RDU de Araguaína (2797 UCs);;;
7923927122;79;PALMAS;PALMAS;CENTRO;ETO-COEP 00148/2026;Em processo de aquisição;;Pendente;Tanque;1;PARECER DMSL 16/07: Nota solicitada ao DMSL com a informação de que o tanque precisa ser substituído. Estou encaminhando a nota para a área responsável.Segue nota para envia manutenção substituir tanque do RL-7923927122 em curto, Anomalia identificada desarme das LD, s Palmas / Aparecida e Palmas Taquaruçu, Acesso livre, Tensão 34,5kv, Local RL de Interligação entre 424R / 414R.;15;0;0;0;0;10;0;0;25;Baixa;Transferência entre 414R e 424R SE Palmas II;;;
7925087021;79;PARANA;PEIXE;SUL;ETO-PROT 00152/2026;Em fase de ajustes;;Em andamento;Tanque;1;10/07 PARECER COEP: EQUIPAMENTO ENTREGUE AOS COCM´S FAVOR INFORMAR PRAZO DE SUBSTUIÇÃO PARA O DMSL E REPASSAR DEPOIS PARA PROTEÇÃO REALIZAR OS AJUSTES E DESCREVER NA SS O SERVIÇO REALIZADOPARECER COEP: EM ROTA DE ENTREGA, VERIFICAR PREVISÃO DE CHEGADARealizar a substituição do tanque do equipamento.;15;10;5;0;15;10;0;15;70;Alta;Primeiro RL do 414R de Paranã, RL a jusante na LD também está bay-passado (630 UCs);;;
7925713040;79;ARAGOMINAS;ARAGUAINA;NORTE;CONCLUÍDA;Primeiro ataque DMSL;;;;;;;;;;;;;;0;;;;;
7925733015;79;PEDRO AFONSO;GUARAI;NORTE;ETO-COEP 00058/2026;Em processo de aquisição;;Pendente;Tanque;1;PARECER COEP: EQUIPAMENTO SELECIONADO PARA COMPRAPARECER DMSL: FEEDBACK EQUIP. ESPECIAISNº DO EQUIPAMENTO: 7925733015TIPO EQUIPAMENTO: Noja RC10TIPO DE COMUNICAÇÃO: Rádio GEDATA DA MANUTENÇÃO: 24/03/2026SID: 1475/2026DESCRIÇÃO: Tanque do equipamento em CurtoFICOU EM OPERAÇÃO?: Não PENDÊNCIA: Sim, repassar a nota para DCMD substituir tanque.DADOS DIVERGENTES DA PROGRAMAÇÃO: NãoBATERIA SUBSTITUÍDA?: Não TIPO DE BATERIA: Lítio EQUIPE: Edicleber e Jhonata(DEOP)------------------------------------------------------------------------------------------------------religador 7925733015 com defeito, equipe fez abertura da chave de saida do mesmo e ele não aceita fehcamento devido provavel curto-circuito interno, enviar equipe para verificar o mesmo ficou by-pass fechado;5;5;0;0;15;10;0;0;35;Média;Transferência do Ramal Agrovila (73 UCs);;;
7925744087;79;GOIANORTE;GUARAI;NORTE;ETO-COEP 00059/2026;Em processo de aquisição;Mandar reformar;Pendente;Tanque e cabo umbilical;1;PARECER COEP: EQUIPAMENTO SELECIONADO PARA COMPRAPARECER DMSL: FEEDBACK EQUIP. ESPECIAISNº DO EQUIPAMENTO:  7925744087TIPO EQUIPAMENTO: Noja RC 10TIPO DE COMUNICAÇÃO: Radio GE IPDATA DA MANUTENÇÃO: 19/02/2026SID: 735/2026 DESCRIÇÃO: foi identificado água dentro da parte interna do tanque e cabo umbilical encharcado de água foi passado essas informações para COS.FICOU EM OPERAÇÃO?: Não PENDÊNCIA: Sim substituir tanque e cabo umbilicalDADOS DIVERGENTES DA PROGRAMAÇÃO: NãoBATERIA SUBSTITUÍDA?: Não DATA DA BATERIA: 07/05/2025TIPO DE BATERIA: Lítio EQUIPE: Edeglan e Janio-------------------------------------------------------------------------------------------------RELIGADOR SEM COMUNICAÇÃO, APOS PRIMEIRO ATAQUE RETORNA E FICAR INDEFINIDO.;15;20;5;15;15;10;0;15;95;Muito Alta;Transferência de Goianorte, fonte principal operando;;;
7925871077;79;GOIATINS;ARAGUAINA;NORTE;ETO-COEP 00048/2026;Em processo de aquisição;;Pendente;Tanque;1;27/07 PARECER COEP: EM PROCESSO DE AQUISIÇÃOPARECER DMSL: A PEDIDO DA PCM DO NORTE LARA SOARES REALIZEI A CRIAÇÃO DESSA SS, EM RAZAO DA ANTIGAETO-TELE 337/2026 QUE FOI BAIXADA POR ENGANO DE TAL FORMA SEGUE A MESMA PARA REALIZAR AS TRATATIVAS. PENDENCIA: Religador continua by passado, equipamento está com defeito na parte ativa;15;10;15;15;15;10;0;0;80;Muito Alta;Transferência de Goiatins e GAs (2492 UCs);;;
7926089013;79;PARAISO DO TOCANTINS;PARAISO DO TOCANTINS;CENTRO;ETO-COEP 00078/2026;Em processo de aquisição;;Pendente;Tanque;1;PARECER COEP: EQUIPAMENTO SELECIONADO PARA COMPRAPARECER DMSL: Feedback Equip. EspeciaisRLG 7926089013,RELÉ NOJA RC10SID 1805/2026DATA 15/04/2026Serviço Executado: Favor realizar a troca da parte ativa do equipamento --reprogramar para atualizar a base juntamente com escada Equipamento ficou em operação: Não Pendência: sim atualizar a base e  subistituir o tanque Bateria(s) substituída(s)? Não Data de Fabricação/Instalação da(s) bateria(s): Equipe: Carliel e João Vitor Fernando e Elson---------------------------------------------------------------------------------ATUALIZAR AJUSTES DO RL 7926089013 LD PARAISO I  A  PIUM. IMPLEMENTAÇÃO DA FUNÇÃO 27, SUBTENSÃO.AJUSTES DISPONIVEIS NO APP DA PROTEÇÃO.;15;10;5;15;15;10;0;0;70;Alta;Transferência da RDU de Chapada de Areia (937 UCs) para fonte alternativa;;;
7926442035;79;MONTE DO CARMO;PONTE ALTA TOCANTINS;CENTRO;ETO-COEP 00051/2026;Em processo de aquisição;1 controle NOJA sobrando;Pendente;Trafo auxiliar e tanque;1;PARECER COEP: EQUIPAMENTO SELECIONADO PARA COMPRAPARECER DMSL: Data: 12/03/2026 Serviço Executado:- Análise técnica constatou:- Parte ativa do equipamento danificada: necessita substituição- Trafo danificado: foi feitos testes nas buchas secundárias o mesmo não chega tensão    - Vazamento de óleo    - Necessita substituiçãoEquipamento ficou em operação? NãoPendências:- Solicitar limpeza de faixa para acesso ao equipamento- Trocar parte ativa do equipamento- Substituir o trafoEquipe: Carliel e João VitorSegue nota para envia equipe verificar falha de comunicação e automação no RL-7926442035 feito primeiro ataque com equipe 035OP02, porém sem sucesso.;5;5;0;0;0;0;10;0;20;Baixa;Atenidmento do PA Principado (200 UCs);;;
7927169001;79;PORTO NACIONAL;PORTO NACIONAL;CENTRO;ETO-PROT 00156/2026;Em fase de ajustes;;Em andamento;Tanque;;PARECER COEP: EQUIPAMENTO ENTREGUE, SEGUE SS PARA O COCM´S , PARA REALIZAR O ATENDIMENTO,FAVOR ADICIONAR O PARECER PARA MANDAR PARA PROTEÇÃOSS ANTIGA: 1500/2025 PARECER DMSL: Serviço Executado: Foi verificado que o tanque do equipamento está danificado, sendo necessário substituir o tanque do equipamento.Equipamento ficou em operação?: NãoPendência: Sim, instalar fonte, disjuntor e DPS, e substituir o tanque.***** Parecer COCM******Subsituido Tranque do RL pela Ordem de Serviço DLP-MPPA01 247/2026 RELATORIO EM ANEXO DA O.S EXECUTORA;5;5;15;0;15;0;0;15;55;Alta;Transferência dos Grupos A -  VLI e Frisia;;;
7927396052;79;FORMOSO DO ARAGUAIA;FORMOSO DO ARAGUAIA;SUL;ETO-COEP 00045/2026;Em processo de aquisição;;Pendente;Tanque;1;PARECER COEP: EQUIPAMENTO SELECIONADO PARA COMPRAreligador foi bay passado devido mesmo esta saindo fumaca do painel e sem comunicação 7927396052.PARECER DMSL: Após testes, equipe DMSL constatou que apenas o tanque do RLG 7927396052 encontra-se queimado. Favor, substituir parte ativa do equipamento.NS Tanque: 0320123040198;5;5;0;0;15;10;0;0;35;Média;Equipamento localizado Fonte principal de atendimento a SE Cobrape;;;
7927413001;79;PORTO NACIONAL;PORTO NACIONAL;CENTRO;ETO-COEP 00141/2026;Em processo de aquisição;;Pendente;Tanque + controle;1;22/07/2026 EQUIPAMENTO SLEECIONADO PARA COMPRAPARECER DMSL: *Segue feedback**Equipamento:* RLG 7927413001  *RELÉ TAVRIDA*Data:* 16/04/2026*SID:* 1817/2026*Serviço executado:* Placa de alimentação do equipamento com defeito, VERIFICAR SE É POSSIVEL  substituir o equipamento completo.*Equipamento ficou em operação?*_Não*Pendência:*_Sim*Bateria(s) substituída(s)?*_Nao *Equipe:* Benvindo e Kaique-------------------------------------------------------------------------------------------------Religador 7927413001 sem comunicação foi realizado primeiro ataque porem a comunicação não retornou. Favor enviar equipe para devidas trattivas;15;5;15;15;15;10;0;15;90;Muito Alta;Transferência do Distrito Ind de Porto Nacional e GAs;;;
7927446001;79;PORTO NACIONAL;PORTO NACIONAL;CENTRO;ETO-COEP 00143/2025;Em processo de aquisição;;Pendente;Tanque + controle;1;30/06 PARECER COEP: EQUIPAMENTO COMPLETOSegue para verificação RL sem comunicação feito primeiro ataque sem sucesso.PARECER DMSL:Data:* _08/07/2025Serviço Executado: Placa de alimentação danificada, devido a curto, não temos material sobressalente para manutenção! Favor substituir o equipamento completo.Obs.: O rádio ficou dentro do controle, favor orientar a equipe que for substituir colocar dentro do controle novo.Equipamento ficou em operação?: Não Pendência: Sim, substituir equipamento completo.;5;5;5;0;0;10;0;0;25;Baixa;Alimentação de Monte do Carmo por Porto Nacional;;;
7927646026;79;PONTE ALTA TOCANTINS;PONTE ALTA TOCANTINS;CENTRO;ETO-COEP 00029/2026;Em processo de aquisição;;Pendente;Tanque;1;PARECER COEP: EQUIPAMENTO SELECIONADO PARA COMPRARELIGADOR BY PASSADO POR DEFEITO, NECESSÁRIO AVALIAÇÃO DO PROBLEMA.parecer dmsl:O religador apresenta defeito no tanque, sendo necessário substituir o tanque o mesmo está tirando a linha, e troca os  isoladores. Quando retornar, trazer uma fonte para o equipamento, a mesma foi removida.FICOU EM OPERAÇÃO? NãoPENDÊNCIA: Sim, aguardando peças para substituição.;15;10;5;0;15;0;10;0;55;Alta;Opção de isolação de São Félix e Mateiros para alimentação por gerador;;;
7927713200;79;SAO SALVADOR DO TOCANTINS;PEIXE;SUL;ETO-COEP 00157/2026;Em processo de aquisição;Cancelada errada pelo DMSL;Pendente;Tanque;1;segue SS para REALIZAR SUBSTITUIÇÃO DO TANQUE do RL 7927713200 danificado , com equipe de manutencao tensao 34,5kv mesmo atende Povoado retiro na rural de sao salvador  .;5;5;5;0;15;10;0;0;40;Média;Transferência do Ramal do Retiro (246UCs), fonte principal by-passado;;;
7928241200;79;SAO SALVADOR DO TOCANTINS;PEIXE;SUL;ETO-COEP 00128/2026;Em processo de aquisição;;Pendente;Tanque;1;PARECER COEP: EQUIPAMENTO SELECIONADO  PARA COMPRAPARECER DMSL: Tinha uma nota aberta 422/2025 e logo após a equipe resolver a comunicação ela foi baixada, porém a equipe relatou que ''na estrada ontem o COS nos avisou para voltar que na hora de colocar em operação ele tirou a linha fora. Hoje retornamos nele e fizemos ensaios elétricos e foi constatado que o tanque está em curto. Passa direto aí para o Dcmd para substituição do tanque.'';5;5;5;0;0;10;0;0;25;Baixa;Fonte principal do Ramal do Retiro (246UCs), RL transferência by-passado;;;
7928564039;79;ARAGUATINS;AUGUSTINOPOLIS;NORTE;ETO-COEP 00123/2026;Em processo de aquisição;;Pendente;Tanque + controle;1;PARECER COEP: EQUIPAMENTO SELECIONADO PARA COMPRATroca do sistema de comunicação do equipamentoDMSL 28/07/2025: Equipamento com tanque, modulo e rele com defeito, solicitar troca do equipamento ao DCMD.Fotos vão ser enviadas por e-mail;5;10;5;0;0;10;0;0;30;Média;Transferência entre 424R Araguatins e 434R Augustinópolis;;;
7929376022;79;BABACULANDIA;ARAGUAINA;NORTE;ETO-TELE 01107/2026;Concuído DCMD;Construir Reporte Leonardo;Em andamento;Tanque + controle;1;13/08/2026 PARECER COEP: EQUIPAMENTO FOI TROCADO A PEÇA , CONFIRMAMOS COM O LEONARDO DE ARAGUAÍNA , LAUDO EM ANEXO , FAVOR REALIZAR COMISSIONAMENTOPARECER COEP: PROBLEMA NO ENVIO COCM'S CONTROLE ENVIADO FOI O NOJA , DEVIDO A FALTA DO MODELO NA SS (GRAVE)PARECER DMSL: *FEEDBACK EQUIP. ESPECIAIS**Nº DO EQUIPAMENTO:* 7929376022 *DATA DA MANUTENÇÃO:* 02/04/2026*SID:* 1677/2026*DESCRIÇÃO:* Trocar controle completo*PENDÊNCIA:* Sim.*DADOS DIVERGENTES DA PROGRAMAÇÃO:* Não*BATERIA SUBSTITUÍDA?:* Não*EQUIPE:* Adeilton e Edicleber __________________________________________________________POR GENTILEZA ATENDER SOLICITAÇÃO PRIMEIRO ATAQUE IDENTIFICOU QUE RELE ESTA EM CURTO NOTA ABERTA 224/2026 FOI BAIXADA POREM NÃO FOI CORRIGIDO PROBLEMA EM CAMPO.;15;20;5;15;15;10;0;15;95;Muito Alta;Transferência de Babaçulândia, fonte principal operando;;;
7929663074;79;;;;CONCLUÍDA;Primeiro ataque DMSL;;;;;;;;;;;;;;0;;;;;
7930359149;79;CASEARA;DIVINOPOLIS;CENTRO;ETO-COEP 00138/2026;Concluído DCMD;;;;;PARECER DMSL 07/07/2026: equipamento tem que ser subistuido pois não faz comando, parte ativa com defeito FEITO O PRIMEIRO ATAQUE NO RELIGADOR 7930359149 E MESMO NÃO ACEITA COMANDO NEM LOCAL E NEM REMOTO SEGUNDO EQUIPE 149OP02 E PLACA DO RL ESTA CARBONIZADA COM SINAL DE CURTO.;;;;;;;;;0;;;;;
7930428001;79;PORTO NACIONAL;PORTO NACIONAL;CENTRO;ETO-COEP 00150/2026;Em processo de aquisição;;Pendente;Tanque;1;PARECER DMSL DATA 16/07/2026: será necessário fazer a substituição da parte ativa do equipamento.PARECER COEP: Equipamento Funcionando no SCADA , favor reavaliar a necessidade de substituição e se necessário mandar o modelo do equipamento.Segue nota para substituir Taque do RL-7930428001 na LD Porto Nacional / São João, Identificado pela Int-20253617520441 equipamento dando passagem na fase A ficou bay-passado até substituição, Tensão 34,5kva, Acesso livre.;5;5;15;0;15;10;0;0;50;Alta;Transferência dos Grupos A -  Ramal do Rossato (TF 225kVA e TF 750kVA);;;
7931383086;79;MARIANOPOLIS;DIVINOPOLIS;CENTRO;CONCLUÍDA;Cancelada em operação;;Ok;;;;15;20;5;15;0;10;0;15;80;Muito Alta;Fonte principal de Marianópolis, RL transferência operando;;;
7931608059;79;TAQUARALTO;TAQUARALTO;CENTRO;ETO-COEP 00040/2026;Em processo de aquisição;;Pendente;Tanque e rádio;1;PARECER COEP: EQUIPAMENTO SELECIONADO PARA COMPRADMSL:Serviço Executado: Foi feita uma análise técnica no equipamento, devido à falta de comunicação. Também foi identificado que o tanque do equipamento está danificado, sendo assim,  necessário substituir o tanque e o rádio do equipamento, que está queimado, sendo necessário substituir também.;15;20;15;15;15;10;0;15;105;Muito Alta;Transferência dos bairros Morada do Sol, Vale do Sol, Morada do Sol II, Nova Esperança, Sõa João, Araras I e II e Jardim Laila em Taquaralto (6033 UCs);;;
7931610122;79;PALMAS;PALMAS;CENTRO;CONCLUÍDA;Aguardando comissionamento;;Em andamento;Tanque e antena;1;;15;20;15;15;15;10;0;15;105;Muito Alta;Transferência entre 284R SE Palmas IV e 2294R SE Palmas II;;;
7933585074;79;DIANOPOLIS;DIANOPOLIS;SUL;ETO-COEP 00024/2026;Em processo de aquisição;Estava aguardando retorno DMSL;Pendente;Tanque;1;30/06 PARECER COEP: EQUIPAMENTO SELECIONADO PARA COMPRAREALIZAR SUBSTITUIÇÃO DO TANQUE, O MESMO ESTÁ COM DEFEITO.;5;5;15;0;0;0;10;0;35;Média;Atendimento da COELBA;;;
7933726256;79;MATEIROS;PONTE ALTA TOCANTINS;CENTRO;ETO-SE-PCM 00092/2026;Em fase de ajustes;Destinada parte ativa do RL 7900453110;Em andamento;Tanque;1;17/08/2026 PARECER DA PROTEÇÃO:NOTA REPASSADA PARA DMSL COMISSIONARENG° IRLLEY CASTELO BRANCO07/07 Equipamento foi substituido na OS: ETO-RD-PO 1859/2026 OBRA 031260035101/07 PARECER COEP: REDIRECIONADO PARA O POSTO DO COCM´S EQUIPAMENTO CHEGOU NO LOCAL, FAVOR ENTRAR EM CONTATO COM O DMSL, DEVIDO A URGÊNCIA DO EQUIPAMENTO EM OPERAÇÃO.30/06 PARECER COEP: DEVIDO A ALINHAMENTO COM COI UTILIZAREMOS PARTE ATIVA QUE ORIGINALMENTE FOI ENCOMENDADA PARA 7933726256PARECER DMSL: N° do Equipamento: _RLG 7933726256 MateirosTipo de Equipamento: _RLG NOJA RC 10 REL IIData: _06/05/2026SID: _2288/2026-Serviço Executado: _Equipamento com defeito na parte ativa, será necessário fazer a substituição da parte ativa e fazer melhoria na malha de terra!Equipamento ficou em operação?: _NaoPendência: _SimBateria(s) substituída(s)? NÃOData Fabricação/Instalação da(s) bateria(s):_06/2025Equipe: _Benvindo e Almir-------------------------------------------------------------------------------Religador 7933726256, sem comunicação apos primeiroa ataque não retornou as comunicação.;15;10;15;15;15;10;0;15;95;Muito Alta;Transferência da cidade de Mateiros (733 UCs) para o gerador;;;
7933766059;79;TAQUARALTO;TAQUARALTO;CENTRO;CONCLUÍDA;Aguardando comissionamento;;Em andamento;Tanque;1;;15;20;5;15;15;0;10;15;95;Muito Alta;Seccionamento de trecho do Setor Taquari;;;
7934697002;79;TOCANTINOPOLIS;TOCANTINOPOLIS;NORTE;CONCLUÍDA;Em análise;;;;;;;;;;;;;;0;;;;;
7934698002;79;TOCANTINOPOLIS;TOCANTINOPOLIS;NORTE;CONCLUÍDA;Concluído DCMD;Reporte do Luanderson;Ok;;;;5;5;5;0;15;0;10;15;55;Alta;Atendimento do PA Mumbuca (106 UCs), no desarme a jusante penaliza parte da RDU de Tocantinópolis (1384 UCs);;;
7936038076;79;DUERE;GURUPI;SUL;CONCLUÍDA;Em processo de aquisição;Cancelada errada pelo DMSL;Pendente;;;;5;5;15;0;15;10;0;0;50;Alta;Transferência do Grupo A - Xavante (TF 1087,5 kVA) e outros GA menores;;;
7937102148;79;SAO VALERIO DA NATIVIDADE;PEIXE;SUL;ETO-COEP 00129/2026;Em processo de aquisição;;Pendente;Tanque;1;PARECER COEP: REAVALIAR DISPONIBILIDADE DO EQUIPAMENTO NO SCADA ASSIM COMO , FORNECER MODELO DO EQUIPAMENTO E FAIXA DE TENSÃO PARA COMPRA / AQUISIÇÃOTanque com defeito, realizar substituição do tanque.;5;5;5;0;15;10;0;0;40;Média;Fonte principal do Ramal Serranópolis (181 UCs), RL de transferência operando;;;
7938137007;79;MIRACEMA DO TOCANTINS;MIRACEMA DO TOCANTINS;CENTRO;ETO-COEP 00144/2026;Em processo de aquisição;;Pendente;Trafo auxiliar e completo;1;PARECER DMSL 09/07/2026: GENTILEZA VERIFICAR HAVIA UMA NOTA ABERTA, EQUIPE RETORNOU EM CAMPO E NÃO FOI REALIZADAserviço realizado na SS ENC-RD-PS 1397/2025, REPASSANDO PARA COMISSIONARRL 7938137007 NO RL INSTALAR BATERIA NOVA E RADIO A PEDIDO DE KAROLINY DMSLACESSO LIVREPARECER DMSL: * equipamento esta com a bucha da fase A com problemas(solta), necessário substituir* Trafo do serviço auxiliar esta vazando óleo, necessário substituir- Material ainda não foi entregue para substituição 15/07/2026;5;5;5;0;0;0;0;0;15;Baixa;Transferência do Irmã Adelaide (470 UCs);;;
7942485096;79;PINDORAMA DO TOCANTINS;PONTE ALTA TOCANTINS;CENTRO;ETO-COEP 00158/2025;Em processo de aquisição;;Pendente;Tanque;1;30/06 PARECER COEP: EQUIPAMENTO SELECIONADO PARA COMPRARELIGADOR COM DEFEITO 7942485096, ESTA DANDO PASSAGEM ESTANDO ABERTO. NÃO ACEITA COMANDOS. FICOU BY PASSADO EM CAMPO PARA MANUTENÇÃO.PARECER DMSL: Ao testar o tanque, foi constatado que o mesmo está danificado e precisa ser substituído.Substituir somente o tanque. Deixar claro na nota para o dcmd substituir somente o tanque. Não tem necessidade de substituir o controle.;5;5;5;0;0;10;0;0;25;Baixa;Transferência da PCH Bagagem;;;
7942572059;79;TAQUARALTO;TAQUARALTO;CENTRO;ETO-PROT 00155/2026;Aguardando comissionamento;;Em operação;;;PARECER COEP: EQUIPAMENTO COM MELHORIA DE ATERRAMENTO É COM A ETO-RD-PA , NÃO PASSA PELO FLUXO DE AQUISIÇÃO DO COEP, FAVOR REALIZAR MELHORIA DE ATERRAMENTO ETO-RD-PAPARECER DMSL 19/05/2026: É necessário fazer melhorias na malha de aterramento.segue nota para RL 794252059 o mesmo esta sem comunicaçao, foi feito primeiro ataque, porem a comunicaçao nao voltou, obs ramal do marasca.**** Parcecer do COCM CENTRO-****FEITO A MALHAR DE ATERRAMENTO ATENDIDA PELA ORDEM DE SERVIÇO DLP-MLPA02 91/2026 COM RELATORIO EM ANEXO A O.S;5;5;15;0;0;0;10;0;35;Média;Atendimento do Ramal do Marasca e GAs (108 UCs);;;
7943790134;79;ESPERANTINA;AUGUSTINOPOLIS;NORTE;ETO-TELE 00896/2026;Aguardando comissionamento;;Em andamento;Tanque;1;PARECER DCMD:Serviço realizado , substituição da parte ativa  do RELIGADOR 7943790134 - Favor realizar comissionamento;15;10;5;15;15;10;0;15;85;Muito Alta;Transferência de Esperantina, fonte principal operando;;;
7944319149;79;CASEARA;DIVINOPOLIS;CENTRO;CONCLUÍDA;Cancelada em operação;;Ok;;;;5;5;15;0;0;0;10;0;35;Média;Atendimento do Grupo A - Matosul (TF 1500 kVA);;;
7944559149;79;CASEARA;DIVINOPOLIS;CENTRO;ETO-COEP 00063/2026;Em processo de aquisição;;Pendente;Controle;1;14/07/2026 PARECER COEP: EQUIPAMENTO SELECIONADO PARA COMPRA Equipamento ficou em operação?: NãoPendência: Sim será necessário substituir a placaServiço Executado:  curto na placa foi tentando recuperar a mesma porém não teve sucesso!Bateria(s)substituída(s)? NÃOEquipe: Kaique e benvido;5;10;0;0;15;10;0;0;40;Média;Atendimento de cargas rurais entre Caseara e Araguacema (221 UCs);;;
7947203070;79;RIO SONO;TAQUARALTO;CENTRO;ETO-COEP 00131/2026;Em processo de aquisição;;Pendente;Controle;1;13/07 PARECER COEP: SELECIONADO PARA COMPRA CONTROLE favor verificar RL 7947203070, sem comunicaçao, feito 1° ataque pela equipe 070OP01 e nao retornou a comunicaçao , linformaçao no Scada de bateria.PARECER DMSL: Foi feito análise técnica, a placa do equipamento está queimada nessesario subistituir o equipamento completo -Carliel e Benvindo-05/02;10;20;15;15;15;10;0;15;100;Muito Alta;Transferência da RDU de Lizarda (1650 UCs) para fonte alternativa;;;
7948412064;79;BRASILANDIA DO TOCANTINS;GUARAI;NORTE;CONCLUÍDA;Em análise;;;;;;;;;;;;;;0;;;;;
7949648145;79;MAURILANDIA DO TOCANTINS;AUGUSTINOPOLIS;NORTE;ETO-TELE 00929/2026;Primeiro ataque DMSL;;;;;FEITO PRIMEIRO ATAQUE COM A EQUIPE LOCAL E NÃO VOLTOU A COMUNICAR. PROVIDENCIAR MANUTENÇÃO PARA O MESMO.;;;;;;;;;0;;;;;
7953211079;79;ITAPIRATINS;GUARAI;NORTE;ETO-COEP 00147/2026;Em análise;;;;;20/07 PARECER COEP: EQUIPAMENTO SELECIONADO PARA COMPRASegue nota para substituir relé religador avariado marca noja , equipamento N: 7953211079 - Itapiratins .Obs: informação repassado pelo técnico DMSL Bruno .;;;;;;;;;0;;;;;
7953570026;79;PONTE ALTA TOCANTINS;PONTE ALTA TOCANTINS;CENTRO;CONCLUÍDA;Em análise;;;;;;;;;;;;;;0;;;;;
7953610256;79;MATEIROS;PONTE ALTA TOCANTINS;CENTRO;ETO-PROT 00157/2026;Concluído DCMD;Reporte Edson Cursino;;Tanque e cabo umbilical;1;24/07/2026 - PARECE COCM: EQUIPAMENTO SUBSTIUIDO NA OS:ETO-RD-PO 2020/202614/07/2026 - PARECER COEP: REALOCAR TANQUE 34,5 SOBRESSALENTE DE PARAÍSO PARA ATENDER  PARECER DMSL: Data: 10/03/2026,Serviço Executado: Foi substituído o relé do equipamento, o mesmo estava danificado. Trocado o DPS, o mesmo estava queimado devido ao tanque estar furado. O equipamento ficou em bypass.Equipamento ficou em operação? NãoPendência? Sim, substituir a parte ativa com cordão umbilical.Equipe: Carliel e João VitorSEGUE SS PARA REGULARIZAR AUTOMAÇÃO DO RL 7953610256 NA INTERLIGAÇÃO COM A COELBA (CHAPADA DA MANGABEIRA) - EQUIPE INFOMOU CURTO INTERNO NO GABINETE DJ AC NÃO FECHA;5;5;15;15;0;0;10;15;65;Alta;Atenidmento da COELBA (Alto potencial de compensação);;;
7954668084;79;DIVINOPOLIS;DIVINOPOLIS;CENTRO;CONCLUÍDA;Cancelada em operação;;Ok;;;;5;5;0;0;0;0;10;0;20;Baixa;Atendimento do PA Piedade (125 UCs);;;
7955430075;79;DOIS IRMAOS DO TOCANTINS;DIVINOPOLIS;CENTRO;CONCLUÍDA;Cancelada em operação;;Ok;;;;5;5;5;0;0;0;10;0;25;Baixa;Atendimento do Ramal do Boleu (13 UCs), no desarme a jusante penaliza parte 303 UCs rurais;;;
7955520116;79;CHAPADA DA NATIVIDADE;DIANOPOLIS;SUL;CONCLUÍDA;Em processo de aquisição;Cancelada errada pelo DMSL;Pendente;Tanque;1;;5;5;15;0;0;10;0;15;50;Alta;Transferência do Grupo A - Engegold (TF 7500 kVA);;;
7955523028;79;NATIVIDADE;DIANOPOLIS;SUL;CONCLUÍDA;Cancelada em operação;;Ok;;;;15;10;5;15;15;10;0;0;70;Alta;Equipamento para apoio na transferência de cargas na região de Natividade;;;
7955686076;79;DUERE;GURUPI;SUL;CONCLUÍDA;Cancelada em operação;;Ok;;;;5;5;0;0;15;0;0;0;25;Baixa;Fonte alternativa de atendimento do Ramal Bacuri (217 UCs);;;
7955792076;79;;;;CONCLUÍDA;Primeiro ataque DMSL;;;;;;;;;;;;;;0;;;;;
7955832052;79;FORMOSO DO ARAGUAIA;FORMOSO DO ARAGUAIA;SUL;CONCLUÍDA;Primeiro ataque DMSL;;;;;;;;;;;;;;0;;;;;
7955946007;79;MIRACEMA DO TOCANTINS;MIRACEMA DO TOCANTINS;CENTRO;ETO-COEP 00134/2026;Em processo de aquisição;;Pendente;Controle;1;13/07/2026 PARECER COEP: SUBSTITUIR CONTOLE OU MANDAR MANUTENCIONAR EM CASO DE PRIORIDADE ALTAPARECER DMSL: Necessário substituir a placa de alimentação ca, a mesma está em curto não conseguimos recuperar. (Antiga nota era pra ter sido repassada porém foi baixada indevidamente pela equipe);5;5;5;0;0;0;10;0;25;Baixa;Alimentação do serviço auxiliar da Investco e clientes rurais (260 UCs);;;
7955986084;79;DIVINOPOLIS;DIVINOPOLIS;CENTRO;ETO-COEP 00133/2026;Em processo de aquisição;;Pendente;;;14/07/2026 PARECER COEP : SUBSTIUIR CONTROLE COMPLETOPARECER DMSL: Equipamento com a placa de alimentação ca em curto, será necessário substituir a placa do equipamento. (Antiga nota era pra ter sido repassada porém foi baixada indevidamente pela equipe);5;5;0;0;15;10;0;0;35;Média;Transferência de cargas do 444R da SE Paraíso I;;;
7957021094;79;PEIXE;PEIXE;SUL;CONCLUÍDA;Primeiro ataque DMSL;;;;;;;;;;;;;;0;;;;;
7957126085;79;MONTE SANTO DO TOCANTINS;PARAISO DO TOCANTINS;CENTRO;CONCLUÍDA;Cancelada em operação;;Ok;;;;5;10;5;0;0;10;0;0;30;Média;444R de Paraíso I, atendimento de Monte Santo, devido defeito a RDU está manobrada para o 454R;;;
7957620015;79;PEDRO AFONSO;GUARAI;NORTE;CONCLUÍDA;Executado realmente concluído todos os passos;;Ok;;;;15;20;15;15;15;0;0;15;95;Muito Alta;Atendimento da RDU de Bom Jesus e parcial da RDU de Pedro Afonso;;;
7961368005;79;;;;CONCLUÍDA;Primeiro ataque DMSL;;;;;;;;;;;;;;0;;;;;
7962734119;79;;;;CONCLUÍDA;Primeiro ataque DMSL;;;;;;;;;;;;;;0;;;;;
7967181127;79;PALMEIRAS DO TOCANTINS;TOCANTINOPOLIS;NORTE;CONCLUÍDA;Linha viva substiui as chaves pode ser que esteja dentro de operação;;;;;;5;5;0;0;15;10;0;0;35;Média;Transferência de Palmeiras, 3 RLs sendo 2 operando;;;
