Ativo;Tipo;Localidade;Posto;Criticidade;Status;SS;Tensão;Marca;Material;Código;Qtd;Valor Unitário;Valor Total
7900117013;Religador;PARAISO DO TOCANTINS;ETO-COEP;Muito Alta;Equipamento entregue ao COCM;ETO-COEP 00084/2026;13,8;COOPER F6;690001 · Tanque / Parte ativa — Religador 13,8 kV;690001;1;21785.72;21785.72
7900117013;Religador;PARAISO DO TOCANTINS;ETO-COEP;Muito Alta;Equipamento entregue ao COCM;ETO-COEP 00084/2026;13,8;COOPER F6;690916 · Controle — Religador 13,8 kV;690916;1;33816.82;33816.82
7900453110;Religador;SANTA RITA DO TOCANTINS;ETO-COEP;Muito Alta;Em processo de aquisição;ETO-COEP 00087/2026;34,5;COOPER F6;690005 · Tanque / Parte ativa — Religador 34,5 kV;690005;1;38151.48;38151.48
7900453110;Religador;SANTA RITA DO TOCANTINS;ETO-COEP;Muito Alta;Em processo de aquisição;ETO-COEP 00087/2026;34,5;COOPER F6;692263 · Controle — Religador 34,5 kV;692263;1;38094.72;38094.72
7900573047;Religador;FIGUEIROPOLIS;ETO-RD-GU;Alta;Equipamento entregue ao COCM;ETO-RD-GU 00712/2026;13,8;COOPER F6;690001 · Tanque / Parte ativa — Religador 13,8 kV;690001;1;21785.72;21785.72
7900573047;Religador;FIGUEIROPOLIS;ETO-RD-GU;Alta;Equipamento entregue ao COCM;ETO-RD-GU 00712/2026;13,8;COOPER F6;690916 · Controle — Religador 13,8 kV;690916;1;33816.82;33816.82
7900594026;Religador;PONTE ALTA TOCANTINS;ETO-RD-PO;Muito Alta;Equipamento entregue ao COCM;ETO-PROT  000148/2026;34,5;COOPER F6;690005 · Tanque / Parte ativa — Religador 34,5 kV;690005;1;38151.48;38151.48
7900594026;Religador;PONTE ALTA TOCANTINS;ETO-RD-PO;Muito Alta;Equipamento entregue ao COCM;ETO-PROT  000148/2026;34,5;COOPER F6;692263 · Controle — Religador 34,5 kV;692263;1;38094.72;38094.72
7903112004;Religador;ARAGUAINA;ETO-COEP;Alta;Em processo logístico;ETO-COEP 00184/2025;34,5;COOPER F6;690005 · Tanque / Parte ativa — Religador 34,5 kV;690005;1;38151.48;38151.48
7903112004;Religador;ARAGUAINA;ETO-COEP;Alta;Em processo logístico;ETO-COEP 00184/2025;34,5;COOPER F6;692263 · Controle — Religador 34,5 kV;692263;1;38094.72;38094.72
7908686014;Religador;PIUM;ETO-RD-PS;Muito Alta;Equipamento entregue ao COCM;ETO-RD-PS 00302/2026;34,5;NOJA RC10;690005 · Tanque / Parte ativa — Religador 34,5 kV;690005;1;38151.48;38151.48
7908705049;Religador;AURORA DO TOCANTINS;ETO-RD-DP;Muito Alta;Equipamento entregue ao COCM;ETO-RD-DP 00409/2026;13,8;COOPER F6;690001 · Tanque / Parte ativa — Religador 13,8 kV;690001;1;21785.72;21785.72
7908705049;Religador;AURORA DO TOCANTINS;ETO-RD-DP;Muito Alta;Equipamento entregue ao COCM;ETO-RD-DP 00409/2026;13,8;COOPER F6;690916 · Controle — Religador 13,8 kV;690916;1;33816.82;33816.82
7920024127;Religador;PALMEIRAS DO TOCANTINS;ETO-COEP;Alta;Em processo de aquisição;ETO-COEP 00120/2025;34,5;SCHNEIDER ADVC;690005 · Tanque / Parte ativa — Religador 34,5 kV;690005;1;38151.48;38151.48
7920024127;Religador;PALMEIRAS DO TOCANTINS;ETO-COEP;Alta;Em processo de aquisição;ETO-COEP 00120/2025;34,5;SCHNEIDER ADVC;692263 · Controle — Religador 34,5 kV;692263;1;38094.72;38094.72
7920024127;Religador;PALMEIRAS DO TOCANTINS;ETO-COEP;Alta;Em processo de aquisição;ETO-COEP 00120/2025;34,5;SCHNEIDER ADVC;90556 · Chave faca;90556;1;736.43;736.43
7923673004;Religador;ARAGUAINA;ETO-COEP;Muito Alta;Em processo de aquisição;ETO-COEP 00124/2026;13,8;ARTECHE P500;690001 · Tanque / Parte ativa — Religador 13,8 kV;690001;1;21785.72;21785.72
7923673004;Religador;ARAGUAINA;ETO-COEP;Muito Alta;Em processo de aquisição;ETO-COEP 00124/2026;13,8;ARTECHE P500;690916 · Controle — Religador 13,8 kV;690916;1;33816.82;33816.82
7925087021;Religador;PARANA;ETO-RD-GU;Alta;Equipamento entregue ao COCM;ETO-RD-GU 00711/2026;34,5;NOJA RC10;690005 · Tanque / Parte ativa — Religador 34,5 kV;690005;1;38151.48;38151.48
7925744087;Religador;GOIANORTE;ETO-COEP;Muito Alta;Em processo de aquisição;ETO-COEP 00059/2026;34,5;NOJA RC10;690005 · Tanque / Parte ativa — Religador 34,5 kV;690005;1;38151.48;38151.48
7925871077;Religador;GOIATINS;ETO-COEP;Muito Alta;Em processo de aquisição;ETO-COEP 00048/2026;34,5;NOJA RC10;690005 · Tanque / Parte ativa — Religador 34,5 kV;690005;1;38151.48;38151.48
7926089013;Religador;PARAISO DO TOCANTINS;ETO-COEP;Alta;Em processo de aquisição;ETO-COEP 00078/2026;34,5;NOJA RC10;690005 · Tanque / Parte ativa — Religador 34,5 kV;690005;1;38151.48;38151.48
7927169001;Religador;PORTO NACIONAL;ETO-RD-PA;Alta;Equipamento entregue ao COCM;ETO-RD-PA 00432/2026;13,8;NOJA RC10;690001 · Tanque / Parte ativa — Religador 13,8 kV;690001;1;21785.72;21785.72
7927169001;Religador;PORTO NACIONAL;ETO-RD-PA;Alta;Equipamento entregue ao COCM;ETO-RD-PA 00432/2026;13,8;NOJA RC10;690916 · Controle — Religador 13,8 kV;690916;1;33816.82;33816.82
7927413001;Religador;PORTO NACIONAL;ETO-COEP;Muito Alta;Em processo de aquisição;ETO-COEP 00141/2026;34,5;NOJA RC10;690005 · Tanque / Parte ativa — Religador 34,5 kV;690005;1;38151.48;38151.48
7927413001;Religador;PORTO NACIONAL;ETO-COEP;Muito Alta;Em processo de aquisição;ETO-COEP 00141/2026;34,5;NOJA RC10;692263 · Controle — Religador 34,5 kV;692263;1;38094.72;38094.72
7927646026;Religador;PONTE ALTA TOCANTINS;ETO-COEP;Alta;Em processo de aquisição;ETO-COEP 00029/2026;34,5;NOJA RC10;690005 · Tanque / Parte ativa — Religador 34,5 kV;690005;1;38151.48;38151.48
7929376022;Religador;BABACULANDIA;ETO-COEP;Muito Alta;Em processo logístico;ETO-COEP 00120/2026;34,5;NOJA RC10;692263 · Controle — Religador 34,5 kV;692263;1;38094.72;38094.72
7931608059;Religador;TAQUARALTO;ETO-COEP;Muito Alta;Em processo de aquisição;ETO-COEP 00040/2026;13,8;NOJA RC10;690001 · Tanque / Parte ativa — Religador 13,8 kV;690001;1;21785.72;21785.72
7931608059;Religador;TAQUARALTO;ETO-COEP;Muito Alta;Em processo de aquisição;ETO-COEP 00040/2026;13,8;NOJA RC10;647877+649399 · Bateria + rádio;647877+649399;1;14612.08;14612.08
7931610122;Religador;PALMAS;ETO-RD-PA;Muito Alta;Equipamento entregue ao COCM;ETO-RD-PA 00433/2026;13,8;NOJA RC10;690001 · Tanque / Parte ativa — Religador 13,8 kV;690001;1;21785.72;21785.72
7933766059;Religador;TAQUARALTO;ETO-RD-PA;Muito Alta;Equipamento entregue ao COCM;ETO-RD-PA 00431/2026;13,8;NOJA RC10;690001 · Tanque / Parte ativa — Religador 13,8 kV;690001;1;21785.72;21785.72
7947203070;Religador;RIO SONO;ETO-COEP;Muito Alta;Em processo de aquisição;ETO-COEP 00131/2026;34,5;TAVRIDA;690005 · Tanque / Parte ativa — Religador 34,5 kV;690005;1;38151.48;38151.48
7947203070;Religador;RIO SONO;ETO-COEP;Muito Alta;Em processo de aquisição;ETO-COEP 00131/2026;34,5;TAVRIDA;692263 · Controle — Religador 34,5 kV;692263;1;38094.72;38094.72
7953610256;Religador;MATEIROS;ETO-COEP;Alta;Em processo logístico;ETO-COEP 00050/2026;34,5;NOJA RC10;690005 · Tanque / Parte ativa — Religador 34,5 kV;690005;1;38151.48;38151.48
5800371025;Regulador;ARAPOEMA;ETO-COEP;Alta;Equipamento entregue ao COCM;ETO-COEP 00187/2025;34,5;ITB / RUA (controle a enviar);651638 · Controle de regulador c/ nobreak;651638;1;29445.39;29445.39
5800859011;Regulador;TUPIRAMA;ETO-COEP;Muito Alta;Em processo logístico;ETO-COEP 00115/2026;13,8;ITB / RUA;651638 · Controle de regulador c/ nobreak;651638;1;29445.39;29445.39
5803327001;Regulador;PORTO NACIONAL;ETO-RD-PA;Alta;Equipamento entregue ao COCM;ETO-RD-PA 00434/2026;13,8;TOSHIBA / RUA;651638 · Controle de regulador c/ nobreak;651638;1;29445.39;29445.39
5854566043;Regulador;SILVANOPOLIS;ETO-COEP;Muito Alta;Em processo logístico;ETO-COEP 00160/2025;34,5;ITB / RUA;690241 · Célula — Regulador 34,5 kV / 400 kVA;690241;1;126893.8;126893.8
5856070091;Regulador;ALMAS;ETO-COEP;Muito Alta;Em processo de aquisição;ETO-COEP 00130/2026;34,5;ITB / RUA;690241 · Célula — Regulador 34,5 kV / 400 kVA;690241;3;126893.8;380681.4
